电影名,英文名,又名,导演/主演,年份/国别/类型,评论人数,评分
肖申克的救赎,/?The Shawshank Redemption,/?月黑高飞(港)  /  刺激1995(台),导演: 弗兰克・德拉邦特 Frank Darabont???主演: 蒂姆・罗宾斯 Tim Robbins /...,1994?/?美国?/?犯罪 剧情,1165368人评价,9.6
霸王别姬,/?再见，我的妾  /  Farewell My Concubine,/?杀手莱昂  /  终极追杀令(台),导演: 陈凯歌 Kaige Chen???主演: 张国荣 Leslie Cheung / 张丰毅 Fengyi Zha...,1993?/?中国大陆 香港?/?剧情 爱情 同性,852078人评价,9.6
这个杀手不太冷,/?Léon,/?福雷斯特・冈普,导演: 吕克・贝松 Luc Besson???主演: 让・雷诺 Jean Reno / 娜塔莉・波特曼 ...,1994?/?法国?/?剧情 动作 犯罪,1075187人评价,9.4
阿甘正传,/?Forrest Gump,/?一个快乐的传说(港)  /  Life Is Beautiful,导演: Robert Zemeckis???主演: Tom Hanks / Robin Wright Penn / Gary Sinise,1994?/?美国?/?剧情 爱情,919569人评价,9.4
美丽人生,/?La vita è bella,/?铁达尼号(港 / 台),导演: 罗伯托・贝尼尼 Roberto Benigni???主演: 罗伯托・贝尼尼 Roberto Beni...,1997?/?意大利?/?剧情 喜剧 爱情 战争,536756人评价,9.5
泰坦尼克号,/?Titanic,/?神隐少女(台)  /  Spirited Away,导演: 詹姆斯・卡梅隆 James Cameron???主演: 莱昂纳多・迪卡普里奥 Leonardo...,1997?/?美国?/?剧情 爱情 灾难,855454人评价,9.3
千与千寻,/?千と千い紊耠Lし,/?舒特拉的名单(港)  /  辛德勒名单,导演: 宫崎骏 Hayao Miyazaki???主演: 艾美 Rumi H?ragi / 入野自由 Miy...,2001?/?日本?/?剧情 动画 奇幻,851734人评价,9.3
辛德勒的名单,/?Schindler's List,/?潜行凶间(港)  /  全面启动(台),导演: 史蒂文・斯皮尔伯格 Steven Spielberg???主演: 连姆・尼森 Liam Neeson...,1993?/?美国?/?剧情 历史 战争,483871人评价,9.5
盗梦空间,/?Inception,/?瓦力(台)  /  太空奇兵・威E(港),导演: 克里斯托弗・诺兰 Christopher Nolan???主演: 莱昂纳多・迪卡普里奥 Le...,2010?/?美国 英国?/?剧情 科幻 悬疑 冒险,939992人评价,9.3
机器人总动员,/?WALL・E,/?忠犬小八(台)  /  秋田犬八千(港),导演: 安德鲁・斯坦顿 Andrew Stanton???主演: 本・贝尔特 Ben Burtt / 艾丽...,2008?/?美国?/?爱情 科幻 动画 冒险,622135人评价,9.3
忠犬八公的故事,/?Hachi: A Dog's Tale,/?三个傻瓜(台)  /  作死不离3兄弟(港),导演: 莱塞・霍尔斯道姆 Lasse Hallstr?m???主演: 理查・基尔 Richard Ger...,2009?/?美国 英国?/?剧情,603659人评价,9.3
三傻大闹宝莱坞,/?3 Idiots,/?声光伴我飞(港)  /  一九零零的传奇,导演: 拉库马・希拉尼 Rajkumar Hirani???主演: 阿米尔・汗 Aamir Khan / 卡...,2009?/?印度?/?剧情 喜剧 爱情 歌舞,842680人评价,9.2
海上钢琴师,/?La leggenda del pianista sull'oceano,/?歌声伴我心(港)  /  唱诗班男孩,导演: 朱塞佩・托纳多雷 Giuseppe Tornatore???主演: 蒂姆・罗斯 Tim Roth / ...,1998?/?意大利?/?剧情 音乐,706672人评价,9.2
放牛班的春天,/?Les choristes,/?西游记完结篇仙履奇缘  /  齐天大圣西游记,导演: 克里斯托夫・巴拉蒂 Christophe Barratier???主演: 杰拉尔・朱诺 Géra...,2004?/?法国 瑞士 德国?/?剧情 音乐,576393人评价,9.2
大话西游之大圣娶亲,/?西[大Y局之仙履奇,/?真人Show(港)  /  真人戏,导演: 刘镇伟 Jeffrey Lau???主演: 周星驰 Stephen Chow / 吴孟达 Man Tat Ng...,1995?/?香港 中国大陆?/?喜剧 爱情 奇幻 冒险,634283人评价,9.2
楚门的世界,/?The Truman Show,/?Mario Puzo's The Godfather,导演: 彼得・威尔 Peter Weir???主演: 金・凯瑞 Jim Carrey / 劳拉・琳妮 Lau...,1998?/?美国?/?剧情 科幻,612067人评价,9.2
教父,/?The Godfather,/?邻居托托罗  /  邻家的豆豆龙,导演: 弗朗西斯・福特・科波拉 Francis Ford Coppola???主演: 马龙・白兰度 M...,1972?/?美国?/?剧情 犯罪,426646人评价,9.2
龙猫,/?となりのトトロ,/?星际启示录(港)  /  星际效应(台),导演: 宫崎骏 Hayao Miyazaki???主演: 日高法子 Noriko Hidaka / 坂本千夏 Ch...,1988?/?日本?/?动画 奇幻 冒险,522791人评价,9.1
星际穿越,/?Interstellar,/?无声呐喊(港)  /  漩涡,导演: 克里斯托弗・诺兰 Christopher Nolan???主演: 马修・麦康纳 Matthew Mc...,2014?/?美国 英国 加拿大 冰岛?/?剧情 科幻 冒险,631172人评价,9.2
熔炉,/????,/?Infernal Affairs  /  Mou gaan dou,导演: 黄东赫 Dong-hyuk Hwang???主演: 孔侑 Yoo Gong / 郑有美 Yu-mi Jeong ...,2011?/?韩国?/?剧情,354072人评价,9.2
无间道,/?og道,/?闪亮人生(港)  /  逆转人生(台),导演: 刘伟强 / 麦兆辉???主演: 刘德华 / 梁朝伟 / 黄秋生,2002?/?香港?/?剧情 犯罪 悬疑,518430人评价,9.1
触不可及,/?Intouchables,/?寻找快乐的故事(港)  /  追求快乐,导演: 奥利维・那卡什 Olivier Nakache / 艾力克・托兰达 Eric Toledano???主...,2011?/?法国?/?剧情 喜剧,454583人评价,9.2
当幸福来敲门,/?The Pursuit of Happyness,/?飘,导演: 加布里尔・穆奇诺 Gabriele Muccino???主演: 威尔・史密斯 Will Smith ...,2006?/?美国?/?剧情 传记 家庭,676859人评价,9
乱世佳人,/?Gone with the Wind,/?萌动青春  /  青春萌动,导演: 维克多・弗莱明 Victor Fleming / 乔治・库克 George Cukor???主演: 费...,1939?/?美国?/?剧情 历史 爱情 战争,325826人评价,9.2
疯狂动物城,/?Zootopia,/?优兽大都会(港)  /  动物方城市(台),导演: 拜伦・霍华德 Byron Howard / 瑞奇・摩尔 Rich Moore???主演: 金妮弗・...,2016?/?美国?/?喜剧 动画 冒险,685366人评价,9.1
天堂电影院,/?Nuovo Cinema Paradiso,/?星光伴我心(港)  /  新天堂乐园(台),导演: 朱塞佩・托纳多雷 Giuseppe Tornatore???主演: 安东娜拉・塔莉 Antonel...,1988?/?意大利 法国?/?剧情 爱情,359270人评价,9.1
蝙蝠侠：黑暗骑士,/?The Dark Knight,/?蝙蝠侠前传2：黑暗骑士  /  黑暗骑士(台),导演: 克里斯托弗・诺兰 Christopher Nolan???主演: 克里斯蒂安・贝尔 Christ...,2008?/?美国 英国?/?剧情 动作 科幻 犯罪 惊悚,417596人评价,9.1
活着,/?人生  /  Lifetimes,/?12怒汉  /  十二怒汉,导演: 张艺谋 Yimou Zhang???主演: 葛优 You Ge / 巩俐 Li Gong / 姜武 Wu Jiang,1994?/?中国大陆 香港?/?剧情 历史 家庭,345879人评价,9.1
十二怒汉,/?12 Angry Men,/?少年Pi的奇幻漂流  /  漂流少年Pi,导演: Sidney Lumet???主演: 亨利・方达 Henry Fonda / 马丁・鲍尔萨姆 Marti...,1957?/?美国?/?剧情,208939人评价,9.4
鬼子来了,/?Devils on the Doorstep,/?魔戒三部曲：王者再临(台 / 港),导演: 姜文 Wen Jiang???主演: 姜文 Wen Jiang / 香川照之 Teruyuki Kagawa /...,2000?/?中国大陆?/?剧情 历史 战争,290058人评价,9.2
少年派的奇幻漂流,/?Life of Pi,/?搏击会(港)  /  斗阵俱乐部(台),导演: 李安 Ang Lee???主演: 苏拉・沙玛 Suraj Sharma / 伊尔凡・可汗 Irrfan...,2012?/?美国 台湾 英国 加拿大?/?剧情 奇幻 冒险,701110人评价,9
指环王3：王者无敌,/?The Lord of the Rings: The Return of the King,/?Tenk? no shiro Rapyuta  /  Laputa: Castle in the Sky,导演: 彼得・杰克逊 Peter Jackson???主演: 维果・莫腾森 Viggo Mortensen / ...,2003?/?美国 新西兰?/?剧情 动作 奇幻 冒险,346507人评价,9.1
搏击俱乐部,/?Fight Club,/?雄才伟略  /  情妇,导演: 大卫・芬奇 David Fincher???主演: 爱德华・诺顿 Edward Norton / 布拉...,1999?/?美国 德国?/?剧情 动作 悬疑 惊悚,462522人评价,9
天空之城,/?天空の城ラピュタ,/?冲天救兵(港)  /  天外奇迹(台),导演: 宫崎骏 Hayao Miyazaki???主演: 田中真弓 Mayumi Tanaka / 横泽启子 Ke...,1986?/?日本?/?动画 奇幻 冒险,403720人评价,9
控方证人,/?Witness for the Prosecution,/?西游记101回月光宝盒  /  齐天大圣东游记,导演: 比利・怀尔德 Billy Wilder???主演: 查尔斯・劳顿 Charles Laughton / ...,1957?/?美国?/?剧情 犯罪 悬疑,136759人评价,9.6
飞屋环游记,/?Up,/?金枝玉叶(港)  /  罗马假期(台),导演: 彼特・道格特 Pete Docter / 鲍勃・彼德森 Bob Peterson???主演: 爱德...,2009?/?美国?/?剧情 喜剧 动画 冒险,614960人评价,8.9
大话西游之月光宝盒,/?西[第壹佰零壹回之月光盒,/?他人的生活  /  别人的生活,导演: 刘镇伟 Jeffrey Lau???主演: 周星驰 Stephen Chow / 吴孟达 Man Tat Ng...,1995?/?香港 中国大陆?/?喜剧 爱情 奇幻 冒险,510152人评价,8.9
罗马假日,/?Roman Holiday,/?够姜四小强(港)  /  两根枪管(台),导演: 威廉・惠勒 William Wyler???主演: 奥黛丽・赫本 Audrey Hepburn / 格...,1953?/?美国?/?喜剧 剧情 爱情,467679人评价,9
窃听风暴,/?Das Leben der Anderen,/?我和我的冠军女儿(台)  /  打死不离3父女(港),导演: 弗洛里安・亨克尔・冯・多纳斯马 Florian Henckel von Donnersmarck???...,2006?/?德国?/?剧情 悬疑,275572人评价,9.1
两杆大烟枪,"/?Lock, Stock and Two Smoking Barrels",/?飞越杜鹃窝(台)  /  飞越喜鹊巢,导演: Guy Ritchie???主演: Jason Flemyng / Dexter Fletcher / Nick Moran,1998?/?英国?/?剧情 喜剧 犯罪,317887人评价,9.1
摔跤吧！爸爸,/?Dangal,/?女人香  /  女人的芳香,导演: 涅提・蒂瓦里 Nitesh Tiwari???主演: 阿米尔・汗 Aamir Khan / 法缇玛...,2016?/?印度?/?剧情 传记 运动 家庭,610948人评价,9.1
飞越疯人院,/?One Flew Over the Cuckoo's Nest,/?呼啸山城  /  霍尔的移动城堡,导演: 米洛斯・福尔曼 Milo? Forman???主演: 杰克・尼科尔森 Jack Nichols...,1975?/?美国?/?剧情,321494人评价,9
闻香识女人,/?Scent of a Woman,/?逆权大状(港)  /  正义辩护人(台),导演: 马丁・布莱斯 Martin Brest???主演: 阿尔・帕西诺 Al Pacino / 克里斯...,1992?/?美国?/?剧情,395929人评价,9
哈尔的移动城堡,/?ハウルの婴城,/?暴雨骄阳(港)  /  春风化雨(台),导演: 宫崎骏 Hayao Miyazaki???主演: 倍赏千惠子 Chieko Baish? / 木村拓...,2004?/?日本?/?动画 奇幻 冒险,435770人评价,8.9
辩护人,/????,/?V煞(港)  /  V怪客(台),导演: 杨宇硕 Woo-seok Yang???主演: 宋康昊 Kang-ho Song / 吴达洙 Dal-su O...,2013?/?韩国?/?剧情,272381人评价,9.2
死亡诗社,/?Dead Poets Society,/?血色海湾(台)  /  海湾,导演: 彼得・威尔 Peter Weir???主演: 罗宾・威廉姆斯 Robin Williams / 罗伯...,1989?/?美国?/?剧情,340351人评价,9
V字仇杀队,/?V for Vendetta,/?教父续集  /  教父II,导演: 詹姆斯・麦克特格 James McTeigue???主演: 娜塔莉・波特曼 Natalie Por...,2005?/?美国 英国 德国?/?剧情 动作 科幻 惊悚,513490人评价,8.8
指环王2：双塔奇兵,/?The Lord of the Rings: The Two Towers,/?魔戒二部曲：双城奇谋  /  指环王II：双塔,导演: 彼得・杰克逊 Peter Jackson???主演: 伊利亚・伍德 Elijah Wood / 西恩...,2002?/?美国 新西兰?/?剧情 动作 奇幻 冒险,324931人评价,9
指环王1：魔戒再现,/?The Lord of the Rings: The Fellowship of the Ring,/?魔戒首部曲：魔戒现身  /  指环王I：护戒使者,导演: 彼得・杰克逊 Peter Jackson???主演: 伊利亚・伍德 Elijah Wood / 西恩...,2001?/?新西兰 美国?/?剧情 动作 奇幻 冒险,363906人评价,8.9
美丽心灵,/?A Beautiful Mind,/?有你终生美丽(港)  /  美丽境界(台),导演: 朗・霍华德 Ron Howard???主演: 罗素・克劳 Russell Crowe / 艾德・哈...,2001?/?美国?/?传记 剧情,363020人评价,8.9
饮食男女,/?食男女,/?Eat Drink Man Woman,导演: 李安 Ang Lee???主演: 郎雄 Sihung Lung / 杨贵媚 Kuei-Mei Yang / 吴...,1994?/?台湾 美国?/?剧情 家庭,249089人评价,9.1
情书,/?Love Letter,/?When I Close My Eyes  /  Letters of Love,导演: 岩井俊二 Shunji Iwai???主演: 中山美穗 Miho Nakayama / 丰川悦司 Ets...,1995?/?日本?/?剧情 爱情,444406人评价,8.8
素媛,/???,/?许愿  /  希望：为爱重生(台),导演: 李F益 Jun-ik Lee???主演: 薛景求 Kyung-gu Sol / 严志媛 Ji-won Uhm ...,2013?/?韩国?/?剧情,233376人评价,9.1
狮子王,/?The Lion King,/?狮子王3D,导演: Roger Allers / 罗伯・明可夫 Rob Minkoff???主演: 乔纳森・泰勒・托马...,1994?/?美国?/?剧情 动画 冒险 歌舞 家庭,341332人评价,8.9
美国往事,/?Once Upon a Time in America,/?四海兄弟(台)  /  义薄云天(港),导演: 赛尔乔・莱翁内 Sergio Leone???主演: 罗伯特・德尼罗 Robert De Niro ...,1984?/?意大利 美国?/?犯罪 剧情,207175人评价,9.1
钢琴家,/?The Pianist,/?战地琴声(台)  /  战地琴人,导演: 罗曼・波兰斯基 Roman Polanski???主演: 艾德里安・布洛迪 Adrien Brod...,2002?/?法国 德国 英国 波兰?/?剧情 传记 历史 战争 音乐,239538人评价,9.1
小鞋子,/??????? ?????,/?天堂的孩子  /  小童鞋,导演: 马基德・马基迪 Majid Majidi???主演: Amir Farrokh Hashemian / 默罕...,1997?/?伊朗?/?剧情 家庭 儿童,172030人评价,9.2
七宗罪,/?Se7en,/?火线追缉令(台)  /  7宗罪,导演: 大卫・芬奇 David Fincher???主演: 摩根・弗里曼 Morgan Freeman / 布...,1995?/?美国?/?剧情 犯罪 悬疑 惊悚,502672人评价,8.8
被嫌弃的松子的一生,/?嫌われ松子の一生,/?花样奇缘(港)  /  令人讨厌的松子的一生(台),导演: 中岛哲也 Tetsuya Nakashima???主演: 中谷美纪 Miki Nakatani / 瑛太 E...,2006?/?日本?/?剧情 歌舞,358160人评价,8.9
致命魔术,/?The Prestige,/?顶尖对决(台)  /  死亡魔法(港),导演: 克里斯托弗・诺兰 Christopher Nolan???主演: 休・杰克曼 Hugh Jackman...,2006?/?美国 英国?/?剧情 悬疑 惊悚,409355人评价,8.8
天使爱美丽,/?Le fabuleux destin d'Amélie Poulain,/?艾蜜莉的异想世界(台)  /  天使艾米莉,导演: 让-皮埃尔・热内 Jean-Pierre Jeunet???主演: 奥黛丽・塔图 Audrey Tau...,2001?/?法国 德国?/?喜剧 爱情,560499人评价,8.7
本杰明・巴顿奇事,/?The Curious Case of Benjamin Button,/?奇幻逆缘(港)  /  返老还童,导演: 大卫・芬奇 David Fincher???主演: 凯特・布兰切特 Cate Blanchett / ...,2008?/?美国?/?剧情 爱情 奇幻,465569人评价,8.8
西西里的美丽传说,/?Malèna,/?真爱伴我行(台)  /  玛莲娜,导演: 朱塞佩・托纳多雷 Giuseppe Tornatore???主演: 莫妮卡・贝鲁奇 Monica ...,2000?/?意大利 美国?/?剧情 战争 情色,430785人评价,8.8
黑客帝国,/?The Matrix,/?廿二世纪杀人网络(港)  /  骇客任务(台),导演: 安迪・沃卓斯基 Andy Wachowski / 拉娜・沃卓斯基 Lana Wachowski???主...,1999?/?美国 澳大利亚?/?动作 科幻,340438人评价,8.9
音乐之声,/?The Sound of Music,/?仙乐飘飘处处闻(港)  /  真善美(台),导演: Robert Wise???主演: 朱丽・安德鲁斯 Julie Andrews / 克里斯托弗・普...,1965?/?美国?/?剧情 传记 爱情 歌舞,274010人评价,8.9
让子弹飞,/?让子弹飞一会儿  /  火烧云,/?雷霆救兵(港)  /  抢救雷恩大兵(台),导演: 姜文 Wen Jiang???主演: 姜文 Wen Jiang / 葛优 You Ge / 周润发 Yun-F...,2010?/?中国大陆 香港?/?剧情 喜剧 动作 西部,756280人评价,8.7
拯救大兵瑞恩,/?Saving Private Ryan,/?丫(台)  /  死无对证(港),导演: 史蒂文・斯皮尔伯格 Steven Spielberg???主演: 汤姆・汉克斯 Tom Hanks...,1998?/?美国?/?剧情 历史 战争,291408人评价,8.9
看不见的客人,/?Contratiempo,/?黑色追令(台)  /  危险人物(港),导演: 奥里奥尔・保罗 Oriol Paulo???主演: 马里奥・卡萨斯 Mario Casas / 阿...,2016?/?西班牙?/?剧情 犯罪 悬疑 惊悚,450688人评价,8.7
低俗小说,/?Pulp Fiction,/?惊世未了缘(港)  /  梅尔吉勃逊之英雄本色(台),导演: 昆汀・塔伦蒂诺 Quentin Tarantino???主演: 约翰・特拉沃尔塔 John Tra...,1994?/?美国?/?剧情 喜剧 犯罪,400305人评价,8.8
勇敢的心,/?Braveheart,/?幻海奇缘(港)  /  剪刀手爱德华,导演: 梅尔・吉布森 Mel Gibson???主演: 梅尔・吉布森 Mel Gibson / 苏菲・玛...,1995?/?美国?/?动作 传记 剧情 历史 战争,336373人评价,8.8
剪刀手爱德华,/?Edward Scissorhands,/?末代皇帝溥仪(港),导演: Tim Burton???主演: 约翰尼・德普 Johnny Depp / 薇诺娜・瑞德 Winona ...,1990?/?美国?/?剧情 奇幻 爱情,566324人评价,8.7
沉默的羔羊,/?The Silence of the Lambs,/?沉默的羔羊,导演: 乔纳森・戴米 Jonathan Demme???主演: 朱迪・福斯特 Jodie Foster / 安...,1991?/?美国?/?剧情 犯罪 惊悚,411292人评价,8.8
大闹天宫,/?大闹天宫 上下集  /  The Monkey King,/?蝴蝶效应,导演: 万籁鸣 Laiming Wan / 唐澄 Cheng  Tang???主演: 邱岳峰 Yuefeng Qiu /...,1961(中国大陆) / 1964(中国大陆) / 1978(中国大陆) / 2004(中国大陆)?/?中国大陆?/?动画 奇幻,130451人评价,9.3
蝴蝶效应,/?The Butterfly Effect,/?一起快乐  /  Happy Together,导演: 埃里克・布雷斯 Eric Bress / J・麦基・格鲁伯 J. Mackye Gruber???主...,2004?/?美国 加拿大?/?剧情 悬疑 科幻 惊悚,449806人评价,8.7
春光乍泄,/?春光乍,/?礼仪师之奏鸣曲(港)  /  礼仪师(台),导演: 王家卫 Kar Wai Wong???主演: 张国荣 Leslie Cheung / 梁朝伟 Tony Leu...,1997?/?香港 日本 韩国?/?剧情 爱情 同性,295153人评价,8.8
入殓师,/?おくりびと,/?骄阳似我(港)  /  心灵捕手,导演: 泷田洋二郎 Y?jir? Takita???主演: 本木雅弘 Masahiro Motoki / ...,2008?/?日本?/?剧情,356118人评价,8.8
心灵捕手,/?Good Will Hunting,/?哈利波特1：神秘的魔法石(港 / 台),导演: 格斯・范・桑特 Gus Van Sant???主演: 马特・达蒙 Matt Damon / 罗宾・...,1997?/?美国?/?剧情,325418人评价,8.8
哈利・波特与魔法石,/?Harry Potter and the Sorcerer's Stone,/?巧克力情缘(台)  /  同是天涯寂寞客,导演: Chris Columbus???主演: Daniel Radcliffe / Emma Watson / Rupert Grint,2001?/?美国 英国?/?奇幻 冒险,329617人评价,8.8
玛丽和马克思,/?Mary and Max,/?布达佩斯大酒店(港)  /  欢迎来到布达佩斯大饭店(台),导演: 亚当・艾略特 Adam Elliot???主演: 托妮・科莱特 Toni Collette / 菲利...,2009?/?澳大利亚?/?剧情 动画,258625人评价,8.9
阳光灿烂的日子,/?In the Heat of the Sun,/?不赦岛(港)  /  隔离岛(台),导演: 姜文 Wen Jiang???主演: 夏雨 Yu Xia / 宁静 Jing Ning / 陶虹 Hong Tao,1994?/?中国大陆 香港?/?剧情,320971人评价,8.8
布达佩斯大饭店,/?The Grand Budapest Hotel,/?逍遥法外  /  神鬼交锋(台),导演: 韦斯・安德森 Wes Anderson???主演: 拉尔夫・费因斯 Ralph Fiennes / ...,2014?/?美国 德国 英国?/?剧情 喜剧 冒险,389277人评价,8.8
禁闭岛,/?Shutter Island,/?魔法公主  /  幽灵少女,导演: Martin Scorsese???主演: 莱昂纳多・迪卡普里奥 Leonardo DiCaprio / ...,2010?/?美国?/?剧情 悬疑 惊悚,429307人评价,8.7
猫鼠游戏,/?Catch Me If You Can,/?灵异第六感  /  鬼眼,导演: 史蒂文・斯皮尔伯格 Steven Spielberg???主演: 莱昂纳多・迪卡普里奥 L...,2002?/?美国 加拿大?/?传记 犯罪 剧情,288799人评价,8.8
幽灵公主,/?もののけ,/?Chungking Express,导演: 宫崎骏 Hayao Miyazaki???主演: 松田洋治 Y?ji Matsuda / 石田百合...,1997?/?日本?/?动画 奇幻 冒险,274377人评价,8.8
第六感,/?The Sixth Sense,/?谎言的烙印(台)  /  诬网(港),导演: M・奈特・沙马兰 M. Night Shyamalan???主演: 布鲁斯・威利斯 Bruce Wi...,1999?/?美国?/?剧情 悬疑 惊悚,274096人评价,8.8
重庆森林,/?重c森林,/?杀人游戏  /  致命身份,导演: 王家卫 Kar Wai Wong???主演: 林青霞 Brigitte Lin / 金城武 Takeshi K...,1994?/?香港?/?剧情 爱情,390604人评价,8.7
狩猎,/?Jagten,/?断臂山  /  BBM,导演: 托马斯・温特伯格 Thomas Vinterberg???主演: 麦斯・米科尔森 Mads Mik...,2012?/?丹麦 瑞典?/?剧情,160458人评价,9.1
致命ID,/?Identity,/?穿条纹衣服的男孩  /  穿条纹衣的男孩,导演: James Mangold???主演: John Cusack / Ray Liotta / Amanda Peet,2003?/?美国?/?剧情 悬疑 惊悚,376445人评价,8.7
断背山,/?Brokeback Mountain,/?大鱼奇缘(港)  /  大智若鱼(台),导演: 李安 Ang Lee???主演: 希斯・莱杰 Heath Ledger / 杰克・吉伦哈尔 Jake...,2005?/?美国 加拿大?/?剧情 爱情 同性 家庭,374442人评价,8.7
穿条纹睡衣的男孩,/?The Boy in the Striped Pajamas,/?加勒比海盗1：黑珍珠号的诅咒  /  神鬼奇航：鬼盗船魔咒(台),导演: 马克・赫门 Mark Herman???主演: 阿沙・巴特菲尔德 Asa Butterfield / ...,2008?/?英国 美国?/?剧情 战争,186832人评价,8.9
大鱼,/?Big Fish,/?天神下凡(港)  /  化身,导演: 蒂姆・波顿 Tim Burton???主演: 伊万・麦克格雷格 Ewan McGregor / 阿...,2003?/?美国?/?剧情 家庭 奇幻 冒险,293784人评价,8.7
射雕英雄传之东成西就,/?射m英雄髦|成西就,/?东成西就  /  大英雄 (日本),导演: 刘镇伟 Jeffrey Lau???主演: 梁朝伟 Tony Leung Chiu Wai / 林青霞 Bri...,1993?/?香港?/?喜剧 古装,319321人评价,8.7
摩登时代,/?Modern Times,"/?The Masses  /  Temps modernes, Les",导演: 查理・卓别林 Charles Chaplin???主演: 查理・卓别林 Charles Chaplin ...,1936?/?美国?/?喜剧 剧情 爱情,110502人评价,9.2
阳光姐妹淘,/???,/?阳光姊妹淘(港)  /  桑尼,导演: 姜炯哲 Hyeong-Cheol Kang???主演: 沈恩京 Eun-kyung Shim / 闵孝琳 Hy...,2011?/?韩国?/?剧情 喜剧,313969人评价,8.8
上帝之城,/?Cidade de Deus,/?无主之城 (港)  /  无法无天 (台),导演: Kátia Lund / Fernando Meirelles???主演: Alexandre Rodrigues / Lea...,2002?/?巴西 法国?/?犯罪 剧情,176168人评价,8.9
爱在黎明破晓前,/?Before Sunrise,/?情留半天(港)  /  爱在黎明破晓时(台),导演: 理查德・林克莱特 Richard Linklater???主演: 伊桑・霍克 Ethan Hawke ...,1995?/?美国 奥地利 瑞士?/?剧情 爱情,261561人评价,8.7
消失的爱人,/?Gone Girl,/?失踪的女孩  /  失踪女孩,导演: 大卫・芬奇 David Fincher???主演: 本・阿弗莱克 Ben Affleck / 罗莎蒙...,2014?/?美国?/?剧情 犯罪 悬疑 惊悚,423346人评价,8.7
侧耳倾听,/?耳をすませば,/?心之谷  /  梦幻街少女,导演: 近藤喜文 Yoshifumi Kondo???主演: 本名阳子 Youko Honna / 小林桂树 K...,1995?/?日本?/?剧情 爱情 动画,202695人评价,8.8
风之谷,/?Lの谷のナウシカ,/?风谷少女  /  Kaze no tani no Naushika,导演: 宫崎骏 Hayao Miyazaki???主演: 岛本须美 Sumi Shimamoto / 松田洋治 Y...,1984?/?日本?/?动画 奇幻 冒险,203501人评价,8.8
爱在日落黄昏时,/?Before Sunset,/?日落巴黎(港)  /  爱在日落巴黎时(台),导演: 理查德・林克莱特 Richard Linklater???主演: 伊桑・霍克 Ethan Hawke ...,2004?/?美国?/?剧情 爱情,231564人评价,8.8
超脱,/?Detachment,/?人间师格(台),导演: 托尼・凯耶 Tony Kaye???主演: 艾德里安・布洛迪 Adrien Brody / 马西...,2011?/?美国?/?剧情,207539人评价,8.8
倩女幽魂,/?倩女幽魂(87版)  /  A Chinese Ghost Story,/?死亡“动”新闻(港)  /  恐怖攻击直播(台),导演: 程小东 Siu-Tung Ching???主演: 张国荣 Leslie Cheung / 王祖贤 Joey W...,1987?/?香港?/?剧情 爱情 武侠 古装,308692人评价,8.6
恐怖直播,/?? ?? ???,/?小森食光 / 夏秋篇(台),导演: 金秉v Byeong-woo Kim???主演: 河正宇 Jung-woo Ha / 李Z荣 Kyeong-y...,2013?/?韩国?/?剧情 犯罪 悬疑,272034人评价,8.7
小森林 夏秋篇,/?リトル?フォレスト 夏?秋,/?King of Comedy,导演: 森淳一 Junichi Mori???主演: 桥本爱 Ai Hashimoto / 三浦贵大 Takahir...,2014?/?日本?/?剧情,168395人评价,8.9
喜剧之王,/?喜≈王,/?盗梦侦探  /  帕布莉卡,导演: 周星驰 Stephen Chow / 李力持 Lik-Chi Lee???主演: 周星驰 Stephen Ch...,1999?/?香港?/?喜剧 剧情 爱情,380779人评价,8.6
红辣椒,/?パプリカ,/?Kikujir? no natsu  /  菊次郎的夏天,导演: 今敏 Satoshi Kon???主演: 林原惠美 Megumi Hayashibara / 古谷彻 T...,2006?/?日本?/?动画 悬疑 科幻 惊悚,162438人评价,8.9
菊次郎的夏天,/?菊次郎の夏,/?驯龙记(港),导演: 北野武 Takeshi Kitano???主演: 北野武 Takeshi Kitano / 关口雄介 Yus...,1999?/?日本?/?剧情 喜剧,221785人评价,8.7
驯龙高手,/?How to Train Your Dragon,/?机场客运站(港)  /  航站情缘(台),导演: 迪恩・德布洛斯 Dean DeBlois / 克里斯・桑德斯 Chris Sanders???主演:...,2010?/?美国?/?喜剧 动画 奇幻 冒险,336359人评价,8.7
幸福终点站,/?The Terminal,/?卑鄙的我  /  坏蛋奖门人(港),导演: 史蒂文・斯皮尔伯格 Steven Spielberg???主演: 汤姆・汉克斯 Tom Hanks...,2004?/?美国?/?喜剧 剧情 爱情,259195人评价,8.7
神偷奶爸,/?Despicable Me,/?借物少女艾莉缇(台)  /  借东西的小矮人亚莉亚蒂(港),导演: 皮艾尔・柯芬 Pierre Coffin / 克里斯・雷纳德 Chris Renaud???主演: ...,2010?/?美国 法国?/?喜剧 动画 冒险,451325人评价,8.5
借东西的小人阿莉埃蒂,/?借りぐらしのアリエッティ,/?1969太空漫游  /  Echoes Of The Rainbow,导演: 米林宏昌 Hiromasa Yonebayashi???主演: 志田未来 Mirai Shida / 神木...,2010?/?日本?/?动画 奇幻 冒险,250864人评价,8.7
岁月神偷,/?q月神偷,/?再见萤火虫(港)  /  萤火挽歌,导演: 罗启锐 Alex Law???主演: 吴君如 Sandra Ng / 任达华 Simon Yam / 钟绍...,2010?/?香港 中国大陆?/?剧情 家庭,343953人评价,8.6
萤火虫之墓,/?火垂るの墓,/?谋杀回忆  /  杀手回忆录,导演: 高x勋 Isao Takahata???主演: 辰己努 / 白石绫乃 / 志乃原良子,1988?/?日本?/?动画 剧情 战争,232147人评价,8.7
杀人回忆,/???? ??,/?七侠四义(港)  /  The Seven Samurai,导演: 奉俊昊 Joon-ho Bong???主演: 宋康昊 Kang-ho Song / 金相庆 Sang-kyun...,2003?/?韩国?/?犯罪 剧情 悬疑 惊悚,241064人评价,8.7
七武士,/?七人の侍,/?怪兽公司(港)  /  怪物公司,导演: 黑泽明 Akira Kurosawa???主演: 三船敏郎 Toshir? Mifune / 志村乔 ...,1954?/?日本?/?动作 冒险 剧情,90276人评价,9.2
谍影重重3,/?The Bourne Ultimatum,/?叛谍追击3：最后通牒(港)  /  神鬼认证：最后通牒 (台),导演: 保罗・格林格拉斯 Paul Greengrass???主演: 马特・达蒙 Matt Damon / ...,2007?/?美国 德国?/?动作 悬疑 惊悚,208656人评价,8.7
喜宴,/?盅,/?The Wedding Banquet,导演: 李安 Ang Lee???主演: 赵文u Winston Chao / 郎雄 Sihung Lung / 归亚...,1993?/?台湾 美国?/?剧情 喜剧 爱情 同性 家庭,162005人评价,8.8
电锯惊魂,/?Saw,/?夺魂锯(台)  /  恐惧斗室(港),导演: 詹姆斯・温 James Wan???主演: 雷・沃纳尔 Leigh Whannell / 加利・艾...,2004?/?美国?/?悬疑 惊悚 恐怖,226924人评价,8.7
贫民窟的百万富翁,/?Slumdog Millionaire,/?贫民百万富翁(台)  /  一百万零一夜(港),导演: 丹尼・鲍尔 Danny Boyle / 洛芙琳・坦丹 Loveleen Tandan???主演: 戴夫...,2008?/?英国 美国?/?剧情 爱情,437357人评价,8.5
东邪西毒,/?|邪西毒,/?Ashes of Time,导演: 王家卫 Kar Wai Wong???主演: 张国荣 Leslie Cheung / 林青霞 Brigitte...,1994?/?香港 台湾?/?剧情 动作 爱情 武侠 古装,292661人评价,8.6
真爱至上,/?Love Actually,/?爱是您，爱是我(台)  /  真的恋爱了(港),导演: 理查德・柯蒂斯 Richard Curtis???主演: 休・格兰特 Hugh Grant / 柯林...,2003?/?英国 美国 法国?/?喜剧 剧情 爱情,353346人评价,8.5
记忆碎片,/?Memento,/?失忆  /  记忆拼图(台),导演: 克里斯托弗・诺兰 Christopher Nolan???主演: 盖・皮尔斯 Guy Pearce /...,2000?/?美国?/?犯罪 剧情 悬疑 惊悚,318249人评价,8.6
黑天鹅,/?Black Swan,/?夺命黑天鹅  /  霸王别鹅(豆友译名),导演: 达伦・阿罗诺夫斯基 Darren Aronofsky???主演: 娜塔莉・波特曼 Natalie...,2010?/?美国?/?剧情 惊悚,472063人评价,8.5
疯狂原始人,/?The Croods,/?古鲁家族(港 / 台),导演: 科克・德・米科 Kirk De Micco / 克里斯・桑德斯 Chris Sanders???主演...,2013?/?美国?/?喜剧 动画 冒险,423800人评价,8.7
小森林 冬春篇,/?リトル?フォレスト 冬?春,/?小森食光 / 冬春篇(台),导演: 森淳一 Junichi Mori???主演: 桥本爱 Ai Hashimoto / 三浦贵大 Takahir...,2015?/?日本?/?剧情,145636人评价,9
请以你的名字呼唤我,/?Call Me by Your Name,/?以你的名字呼唤我(港 / 台),导演: 卢卡・圭达尼诺 Luca Guadagnino???主演: 蒂莫西・柴勒梅德 Timothée ...,2017?/?意大利 法国 巴西 美国?/?剧情 爱情 同性,223757人评价,8.8
哈利・波特与死亡圣器(下),/?Harry Potter and the Deathly Hallows: Part 2,/?哈利波特7：死神的圣物2(港 / 台),导演: 大卫・叶茨 David Yates???主演: 丹尼尔・雷德克里夫 Daniel Radcliffe...,2011?/?美国 英国?/?剧情 悬疑 奇幻 冒险,319542人评价,8.7
雨人,/?Rain Man,/?手足情未了  /  手足情深,导演: 巴瑞・莱文森 Barry Levinson???主演: 达斯汀・霍夫曼 Dustin Hoffman ...,1988?/?美国?/?剧情,232099人评价,8.6
萤火之森,/?w火の杜へ,/?萤火之社  /  Hotarubi no mori e,导演: 大森贵弘 Takahiro Omori???主演: 佐仓绫音 Ayane Sakura / 内山昂辉 K...,2011?/?日本?/?剧情 爱情 动画 奇幻,193468人评价,8.8
海洋,/?Océans,/?Oceans  /  海洋,导演: 雅克・贝汉 Jacques Perrin / 雅克・克鲁奥德 Jacques Cluzaud???主演:...,2009?/?法国 瑞士 西班牙 美国 阿联酋?/?纪录片,106390人评价,9
英雄本色,/?A Better Tomorrow  /  Gangland Boss,/?戆爸的礼物(港)  /  7号囚房的礼物,导演: 吴宇森 John Woo???主演: 周润发 Yun-Fat Chow / 狄龙 Lung Ti / 张国...,1986?/?香港?/?动作 犯罪,205513人评价,8.6
7号房的礼物,/?7??? ??,/?卢安达饭店(台),导演: 李焕庆 Hwan-kyeong Lee???主演: 柳承龙 Seung-yong Ryoo / 朴信惠 Shi...,2013?/?韩国?/?剧情 喜剧 家庭,210495人评价,8.7
卢旺达饭店,/?Hotel Rwanda,/?蛮荒故事  /  生命中最抓狂的小事(台),导演: 特瑞・乔治 Terry George???主演: 唐・钱德尔 Don Cheadle / 苏菲・奥...,2004?/?英国 南非 意大利 美国?/?剧情 历史 战争,138614人评价,8.9
心迷宫,/?殡棺  /  The Coffin in the Mountain,/?傲慢与偏见2005  /  Pride And Prejudice,导演: 忻钰坤 Yukun Xin???主演: 霍卫民 Weimin Huo / 王笑天 Xiaotian Wang ...,2014?/?中国大陆?/?剧情 犯罪 悬疑,216066人评价,8.7
荒蛮故事,/?Relatos salvajes,/?大英雄联盟(港)  /  大英雄天团(台),导演: 达米安・斯兹弗隆 Damián Szifron???主演: 达里奥・葛兰帝内提 Darío...,2014?/?阿根廷 西班牙?/?剧情 喜剧 犯罪,172958人评价,8.8
傲慢与偏见,/?Pride & Prejudice,/?横冲直撞出重围(港)  /  大M(台),导演: 乔・怀特 Joe Wright???主演: 凯拉・奈特莉 Keira Knightley / 马修・...,2005?/?法国 英国 美国?/?剧情 爱情,350151人评价,8.5
超能陆战队,/?Big Hero 6,/?Flirting Scholar,导演: 唐・霍尔 Don Hall / 克里斯・威廉姆斯 Chris Williams???主演: 斯科特...,2014?/?美国?/?喜剧 动作 科幻 动画 冒险,438078人评价,8.6
虎口脱险,/?La grande vadrouille,/?情系海边之城(港)  /  海曼,导演: 杰拉尔・乌里 Gérard Oury???主演: 路易・德・菲耐斯 Louis de Funès...,1966?/?法国 英国?/?喜剧 战争,119857人评价,8.9
蝙蝠侠：黑暗骑士崛起,/?The Dark Knight Rises,/?蝙蝠侠前传3：黑暗骑士崛起  /  黑暗骑士：黎明升起(台),导演: 克里斯托弗・诺兰 Christopher Nolan???主演: 克里斯蒂安・贝尔 Christ...,2012?/?美国 英国?/?剧情 动作 科幻 犯罪 惊悚,337982人评价,8.6
燃情岁月,/?Legends of the Fall,/?秋日传奇  /  真爱一世情(台),导演: 爱德华・兹威克 Edward Zwick???主演: 安东尼・霍普金斯 Anthony Hopki...,1994?/?美国?/?剧情 爱情 西部 家庭,163012人评价,8.7
教父3,/?The Godfather: Part III,/?教父第三集  /  教父 III,导演: 弗朗西斯・福特・科波拉 Francis Ford Coppola???主演: 阿尔・帕西诺 A...,1990?/?美国?/?剧情 犯罪,153060人评价,8.8
纵横四海,/?h横四海,/?Once a Thief,导演: 吴宇森 John Woo???主演: 周润发 Yun-Fat Chow / 张国荣 Leslie Cheung...,1991?/?香港?/?剧情 喜剧 动作 犯罪,175304人评价,8.7
时空恋旅人,/?About Time,/?时空旅恋人  /  回到最爱的一天(港),导演: 理查德・柯蒂斯 Richard Curtis???主演: 多姆纳尔・格利森 Domhnall Gl...,2013?/?英国?/?剧情 爱情 奇幻,239723人评价,8.6
玩具总动员3,/?Toy Story 3,/?反斗奇兵3(港)  /  玩具的故事3,导演: 李・昂克里奇 Lee Unkrich???主演: 汤姆・汉克斯 Tom Hanks / 蒂姆・艾...,2010?/?美国?/?喜剧 动画 奇幻 冒险,219474人评价,8.8
恋恋笔记本,/?The Notebook,/?深情日记  /  写我情真,导演: 尼克・卡索维茨 Nick Cassavetes???主演: 瑞恩・高斯林 Ryan Gosling /...,2004?/?美国?/?剧情 爱情,325045人评价,8.5
完美的世界,/?A Perfect World,/?强盗保镳,导演: 克林特・伊斯特伍德 Clint Eastwood???主演: 凯文・科斯特纳 Kevin Cos...,1993?/?美国?/?剧情 犯罪,95117人评价,9
花样年华,/?花幽耆A,/?In the Mood for Love,导演: 王家卫 Kar Wai Wong???主演: 梁朝伟 Tony Leung Chiu Wai / 张曼玉 Ma...,2000?/?香港?/?剧情 爱情,281088人评价,8.5
无人知晓,/?lも知らない,/?谁知赤子心(港)  /  无人知晓的夏日清晨(台),导演: 是枝裕和 Hirokazu Koreeda???主演: 柳乐优弥 Y?ya Yagira / 北浦爱...,2004?/?日本?/?剧情,87998人评价,9.1
达拉斯买家俱乐部,/?Dallas Buyers Club,/?续命枭雄(港)  /  药命俱乐部(台),导演: 让-马克・瓦雷 Jean-Marc Vallée???主演: 马修・麦康纳 Matthew McCon...,2013?/?美国?/?剧情 传记 同性,215295人评价,8.7
二十二,/?Twenty Two  /  22,/?雨中情  /  万花嬉春,导演: 郭柯 Ke Guo???主演:,2015?/?中国大陆?/?纪录片,126569人评价,8.7
雨中曲,/?Singin' in the Rain,/?迷幻列车(港)  /  定位的火车,导演: Stanley Donen / Gene Kelly???主演: Gene Kelly / Donald O'Connor / ...,1952?/?美国?/?喜剧 歌舞 爱情,104421人评价,9
猜火车,/?Trainspotting,/?滑铁卢桥  /  断桥残梦,导演: 丹尼・博伊尔 Danny Boyle???主演: 伊万・麦克格雷格 Ewan McGregor / ...,1996?/?英国?/?犯罪 剧情,273815人评价,8.5
魂断蓝桥,/?Waterloo Bridge,/?跳跃吧！时空少女(台)  /  Toki o kakeru sh?jo,导演: Mervyn LeRoy???主演: Vivien Leigh / Robert Taylor / Lucile Watson,1940?/?美国?/?剧情 战争 爱情,143979人评价,8.8
穿越时空的少女,/?rをかける少女,/?钢锯岭  /  钢铁英雄(台),导演: 细田守 Mamoru Hosoda???主演: 仲里依纱 Riisa Naka / 石田卓也 Takuya...,2006?/?日本?/?剧情 爱情 科幻 动画,207681人评价,8.6
血战钢锯岭,/?Hacksaw Ridge,/?不一样的爸爸(港)  /  他不笨，他是我爸爸(台),导演: 梅尔・吉布森 Mel Gibson???主演: 安德鲁・加菲尔德 Andrew Garfield /...,2016?/?美国 澳大利亚?/?剧情 传记 历史 战争,375522人评价,8.7
我是山姆,/?I Am Sam,/?冰河世纪  /  冰原历险记,导演: 杰茜・尼尔森 Jessie Nelson???主演: Sean Penn / Dakota Fanning / Mi...,2001?/?美国?/?剧情 家庭,121414人评价,8.8
冰川时代,/?Ice Age,/?AI人工智慧,导演: 卡洛斯・沙尔丹哈 Carlos Saldanha / 克里斯・韦奇 Chris Wedge???主演...,2002?/?美国?/?喜剧 动画 冒险,312201人评价,8.5
人工智能,/?Artificial Intelligence: AI,/?鼓动真我(港)  /  进击的鼓手(台),导演: 史蒂文・斯皮尔伯格 Steven Spielberg???主演: 海利・乔・奥斯蒙 Haley...,2001?/?美国?/?冒险 剧情 科幻,216128人评价,8.6
爆裂鼓手,/?Whiplash,/?恶魔教室(台)  /  白恤暴潮(港),导演: 达米安・沙泽勒 Damien Chazelle???主演: 迈尔斯・特勒 Miles Teller /...,2014?/?美国?/?剧情 音乐,271374人评价,8.6
浪潮,/?Die Welle,/?为爱朗读(台)  /  读爱(港),导演: 丹尼斯・甘塞尔 Dennis Gansel???主演: 尤尔根・沃格尔 Jürgen Vogel ...,2008?/?德国?/?剧情 惊悚,149643人评价,8.7
朗读者,/?The Reader,/?Rashomon,导演: 史蒂芬・戴德利 Stephen Daldry???主演: 凯特・温丝莱特 Kate Winslet ...,2008?/?美国 德国?/?剧情 爱情,302024人评价,8.5
罗生门,/?_生T,/?蓝色的恐惧  /  蓝色恐惧,导演: 黑泽明 Akira Kurosawa???主演: 三船敏郎 Toshir? Mifune / 千秋实 ...,1950?/?日本?/?犯罪 剧情 悬疑,144885人评价,8.7
香水,/?Perfume: The Story of a Murderer,/?香水：一个杀人犯的故事  /  香水：一个谋杀犯的故事,导演: 汤姆・提克威 Tom Tykwer???主演: 本・卫肖 Ben Whishaw / 艾伦・瑞克...,2006?/?德国 法国 西班牙 美国?/?剧情 犯罪 奇幻,310555人评价,8.4
被解救的姜戈,/?Django Unchained,/?被解放的姜戈  /  决杀令(台),导演: 昆汀・塔伦蒂诺 Quentin Tarantino???主演: 杰米・福克斯 Jamie Foxx /...,2012?/?美国?/?剧情 动作 西部 冒险,293289人评价,8.6
头脑特工队,/?Inside Out,/?玩转脑朋友(港)  /  脑筋急转弯(台),导演: 彼特・道格特 Pete Docter / 罗纳尔多・德尔・卡门 Ronaldo Del Carmen??&nb...,2015?/?美国?/?喜剧 动画 冒险,269483人评价,8.7
阿飞正传,/?阿w正,/?Days of Being Wild,导演: 王家卫 Kar Wai Wong???主演: 张国荣 Leslie Cheung / 张曼玉 Maggie C...,1990?/?香港?/?犯罪 剧情 爱情,238341人评价,8.5
可可西里,/?Kekexili: Mountain Patrol,/?汪洋血迷m(台)  /  轮回三角,导演: 陆川 Chuan Lu???主演: 多布杰 Duobujie / 张磊 Lei Zhang / 亓亮 Qi L...,2004?/?中国大陆 香港?/?剧情 犯罪,145873人评价,8.7
恐怖游轮,/?Triangle,/?你的名字  /  君之名,导演: 克里斯托弗・史密斯 Christopher Smith???主演: 梅利莎・乔治 Melissa ...,2009?/?英国 澳大利亚?/?剧情 悬疑 惊悚,374865人评价,8.4
你的名字。,/?君の名は。,/?分居风暴(台)  /  伊朗式分居(港),导演: 新海诚 Makoto Shinkai???主演: 神木隆之介 Ry?nosuke Kamiki / 上...,2016?/?日本?/?剧情 爱情 动画,570664人评价,8.4
一次别离,/?????? ???? ?? ?????,/?不存在的房间(台)  /  抖室(港),导演: 阿斯哈・法哈蒂  Asghar Farhadi???主演: 佩曼・莫阿迪 Peyman Moadi /...,2011?/?伊朗 法国?/?剧情 家庭,147601人评价,8.7
房间,/?Room,/?跟踪(台)  /  致命追踪,导演: 伦尼・阿伯拉罕森 Lenny Abrahamson???主演: 布丽・拉尔森 Brie Larson...,2015?/?爱尔兰 加拿大 英国 美国?/?剧情 家庭,183963人评价,8.8
追随,/?Following,/?冲击效应  /  冲撞,导演: 克里斯托弗・诺兰 Christopher Nolan???主演: 杰里米・西奥伯德 Jeremy...,1998?/?英国?/?犯罪 悬疑 惊悚,92018人评价,8.9
撞车,/?Crash,/?军火之王(台 / 港),导演: 保罗・哈吉斯 Paul Haggis???主演: 桑德拉・布洛克 Sandra Bullock / ...,2004?/?美国 德国?/?犯罪 剧情,192398人评价,8.6
战争之王,/?Lord of War,/?解码游戏(港)  /  模拟游戏,导演: 安德鲁・尼科尔 Andrew Niccol???主演: 尼古拉斯・凯奇 Nicolas Cage /...,2005?/?美国 法国?/?剧情 犯罪,193120人评价,8.6
模仿游戏,/?The Imitation Game,/?心中的小星星(台)  /  每一个孩子都是特别的,导演: 莫腾・泰杜姆 Morten Tyldum???主演: 本尼迪克特・康伯巴奇 Benedict C...,2014?/?英国 美国?/?剧情 传记 战争 同性,292883人评价,8.6
地球上的星星,/?Taare Zameen Par,/?明天别再来敲门(台)  /  想死钜(港),导演: 阿米尔・汗 Aamir Khan???主演: 达席尔・萨法瑞 Darsheel Safary / 阿...,2007?/?印度?/?剧情 儿童 家庭,97529人评价,8.8
一个叫欧维的男人决定去死,/?En man som heter Ove,/?魔女琪琪(台)  /  小魔女限时专送,导演: 汉内斯・赫尔姆 Hannes Holm???主演: 罗夫・拉斯加德 Rolf Lassg?rd...,2015?/?瑞典?/?剧情,147713人评价,8.8
魔女宅急便,/?魔女の宅急便,/?八千公物语  /  阿八的故事,导演: 宫崎骏 Hayao Miyazaki???主演: 高山南 Minami Takayama / 佐久间玲 Re...,1989?/?日本?/?动画 奇幻 冒险,222947人评价,8.5
忠犬八公物语,/?ハチ公物Z,/?叛谍追击(港)  /  神鬼认证(台),导演: Seijir? K?yama???主演: 山本圭 Kei Yamamoto / 井川比佐志 Hisa...,1987?/?日本?/?剧情,72373人评价,9
谍影重重,/?The Bourne Identity,/?A Brighter Summer Day,导演: 道格・里曼 Doug Liman???主演: 马特・达蒙 Matt Damon / 弗兰卡・波坦...,2002?/?美国 德国 捷克?/?动作 悬疑 惊悚,218094人评价,8.5
牯岭街少年杀人事件,/?牯X街少年⑷耸录,/?完美谎情(港)  /  波动的信息分享,导演: 杨德昌 Edward Yang???主演: 张震 Chen Chang / 杨静怡 Lisa Yang / 张...,1991?/?台湾?/?剧情 犯罪,121990人评价,8.8
完美陌生人,/?Perfetti sconosciuti,/?叛谍追击2：机密圈套(港)  /  神鬼认证：神鬼疑云(台),导演: 保罗・格诺维瑟 Paolo Genovese???主演: 马可・贾利尼 Marco Giallini ...,2016?/?意大利?/?剧情 喜剧,242822人评价,8.6
谍影重重2,/?The Bourne Supremacy,/?噩梦挽歌(台)  /  迷上瘾(港),导演: 保罗・格林格拉斯 Paul Greengrass???主演: 马特・达蒙 Matt Damon / ...,2004?/?美国 德国?/?动作 悬疑 惊悚,181066人评价,8.6
梦之安魂曲,/?Requiem for a Dream,/?精神病患者  /  触目惊心,导演: 达伦・阿伦诺夫斯基 Darren Aronofsky???主演: 艾伦・伯斯汀 Ellen Bur...,2000?/?美国?/?剧情,124974人评价,8.7
再次出发之纽约遇见你,/?Begin Again,/?再次出发  /  歌曲改变人生,导演: 约翰・卡尼 John Carney???主演: 凯拉・奈特莉 Keira Knightley / 马克...,2013?/?美国?/?喜剧 爱情 音乐,198696人评价,8.5
小萝莉的猴神大叔,/?Bajrangi Bhaijaan,/?娃娃返乡任务(台)  /  宝莱坞之钢铁奶爸(台),导演: 卡比尔・汗 Kabir Khan???主演: 萨尔曼・汗 Salman Khan / 哈莎莉・马...,2015?/?印度?/?剧情 喜剧 动作,198798人评价,8.5
黑客帝国3：矩阵革命,/?The Matrix Revolutions,/?骇客任务完结篇：最后战役  /  廿二世纪杀人网络3：惊变世纪,导演: Andy Wachowski / Larry Wachowski???主演: Keanu Reeves / Laurence F...,2003?/?美国 澳大利亚?/?动作 科幻,179253人评价,8.6
东京物语,/?|京物Z,/?东京故事  /  Tokyo Story,导演: 小津安二郎 Yasujir? Ozu???主演: 笠智众 Chish? Ry? / 原节...,1953?/?日本?/?剧情 家庭,59217人评价,9.2
新龙门客栈,/?新T客,/?New Dragon Gate Inn,导演: 李惠民 Raymond Lee???主演: 张曼玉 Maggie Cheung / 林青霞 Brigitte ...,1992?/?香港 中国大陆?/?剧情 动作 武侠 古装,211060人评价,8.5
源代码,/?Source Code,/?启动原始码(台)  /  危机解密(港),导演: 邓肯・琼斯 Duncan Jones???主演: 杰克・吉伦哈尔 Jake Gyllenhaal / ...,2011?/?美国 加拿大?/?科幻 悬疑 惊悚,450299人评价,8.4
步履不停,/?iいても iいても,/?横山家之味(港)  /  步伐不停,导演: 是枝裕和 Hirokazu Koreeda???主演: 阿部宽 Hiroshi Abe / 夏川结衣 Yu...,2008?/?日本?/?剧情 家庭,102327人评价,8.8
终结者2：审判日,/?Terminator 2: Judgment Day,/?终结者2  /  终结者2：末日审判,导演: 詹姆斯・卡梅隆 James Cameron???主演: 阿诺・施瓦辛格 Arnold Schwarz...,1991?/?美国 法国?/?动作 科幻,158514人评价,8.6
海街日记,/?海街diary,/?海街女孩日记(港)  /  Kamakura Diary,导演: 是枝裕和 Hirokazu Koreeda???主演: 绫濑遥 Haruka Ayase / 长泽雅美 M...,2015?/?日本?/?剧情 家庭,161705人评价,8.7
绿里奇迹,/?The Green Mile,/?绿色奇迹(台)  /  绿色英里,导演: Frank Darabont???主演: 汤姆・汉克斯 Tom Hanks / 大卫・摩斯 David M...,1999?/?美国?/?犯罪 剧情 奇幻 悬疑,120600人评价,8.7
末路狂花,/?Thelma & Louise,/?塞尔玛与路易丝  /  末路狂花,导演: 雷德利・斯科特 Ridley Scott???主演: 吉娜・戴维斯 Geena Davis / 苏...,1991?/?美国 法国?/?犯罪 剧情 惊悚,117698人评价,8.7
秒速5厘米,/?秒速5センチメ`トル,/?秒速五厘米  /  秒速5公分,导演: 新海诚 Makoto Shinkai???主演: 水桥研二 Kenji Mizuhashi / 近藤好美 ...,2007?/?日本?/?动画 剧情 爱情,342117人评价,8.3
初恋这件小事,/????????????????????????...???,/?初恋那件小事(港)  /  暗恋那点小事,导演: 普特鹏・普罗萨卡・那・萨克那卡林 Puttipong Promsaka Na Sakolnakorn / 华森・波克彭...,2010?/?泰国?/?剧情 喜剧 爱情,520504人评价,8.3
城市之光,/?City Lights,/?City Lights: A Comedy Romance in Pantomime  /  Lichter der Gro?stadt,导演: Charles Chaplin???主演: 查理・卓别林 Charles Chaplin / 弗吉尼亚・...,1931?/?美国?/?喜剧 剧情 爱情,51793人评价,9.2
碧海蓝天,/?Le grand bleu,/?碧海情深  /  夜海倾情,导演: Luc Besson???主演: 让-马克・巴尔 Jean-Marc Barr / 让・雷诺 Jean Re...,1988?/?法国 美国 意大利?/?剧情 爱情,114306人评价,8.7
无敌破坏王,/?Wreck-It Ralph,/?破坏王拉尔夫  /  破坏王大冒险,导演: 瑞奇・莫尔 Rich Moore???主演: 约翰・C・赖利 John C. Reilly / 萨拉...,2012?/?美国?/?喜剧 动画 奇幻 冒险,211382人评价,8.7
无耻混蛋,/?Inglourious Basterds,/?恶棍特工(台)  /  希魔撞正杀人狂(港),导演: Quentin Tarantino???主演: 布拉德・皮特 Brad Pitt / 梅拉尼・罗兰 M...,2009?/?美国 德国?/?剧情 犯罪,248414人评价,8.5
爱在午夜降临前,/?Before Midnight,/?爱在午夜希腊时(台)  /  情约半生(港),导演: 理查德・林克莱特 Richard Linklater???主演: 伊桑・霍克 Ethan Hawke ...,2013?/?美国?/?剧情 爱情,134026人评价,8.8
这个男人来自地球,/?The Man from Earth,/?地球不死人(港)  /  这个人来自洞穴,导演: 理查德・沙因克曼 Richard Schenkman???主演: 大卫・李・史密斯 David ...,2007?/?美国?/?剧情 科幻,204932人评价,8.5
勇闯夺命岛,/?The Rock,/?石破天惊  /  绝地任务,导演: 迈克尔・贝 Michael Bay???主演: 肖恩・康纳利 Sean Connery / 尼古拉...,1996?/?美国?/?动作 冒险,156864人评价,8.6
疯狂的石头,/?Crazy Stone,/?外星人E.T.  /  外星人,导演: 宁浩 Hao Ning???主演: 郭涛 Tao Guo / 刘桦 Hua Liu / 连晋 Teddy Lin,2006?/?中国大陆 香港?/?喜剧 犯罪,360630人评价,8.3
E.T. 外星人,/?E.T.: The Extra-Terrestrial,/?北非谍影(港)  /  卡萨布兰卡,导演: Steven Spielberg???主演: Henry Thomas / Dee Wallace / Robert MacNa...,1982?/?美国?/?剧情 科幻,173670人评价,8.5
卡萨布兰卡,/?Casablanca,/?夺面双雄,导演: Michael Curtiz???主演: 亨弗莱・鲍嘉 Humphrey Bogart / 英格丽・褒曼...,1942?/?美国?/?剧情 爱情 战争,138384人评价,8.6
变脸,/?Face/Off,/?出位乐人谷(港)  /  海盗电波,导演: 吴宇森 John Woo???主演: 约翰・特拉沃尔塔 John Travolta / 尼古拉斯...,1997?/?美国?/?动作 科幻 犯罪 惊悚,236351人评价,8.4
发条橙,/?A Clockwork Orange,/?发条桔子  /  发条橙子,导演: Stanley Kubrick???主演: Malcolm McDowell / Patrick Magee / Michael...,1971?/?英国 美国?/?犯罪 剧情 科幻,204349人评价,8.5
黄金三镖客,"/?Il buono, il brutto, il cattivo.",/?好・坏・丑  /  独行侠决斗地狱门(港),导演: Sergio Leone???主演: Clint Eastwood / Eli Wallach / Lee Van Cleef,1966?/?意大利 西班牙 西德?/?冒险 西部,58576人评价,9.1
美国丽人,/?American Beauty,/?美丽有罪(港)  /  美国心・玫瑰情(台),导演: 萨姆・门德斯 Sam Mendes???主演: 凯文・史派西 Kevin Spacey / 安妮特...,1999?/?美国?/?剧情 爱情 家庭,204846人评价,8.5
彗星来的那一夜,/?Coherence,/?相干性  /  相干效应,导演: 詹姆斯・沃德・布柯特 James Ward Byrkit???主演: 艾米丽・芭尔多尼 Em...,2013?/?美国 英国?/?科幻 悬疑 惊悚,212909人评价,8.4
荒野生存,/?Into the Wild,/?浪荡天涯(港)  /  阿拉斯加之死(台),导演: 西恩・潘 Sean Penn???主演: 埃米尔・赫斯基 Emile Hirsch / 马西娅・...,2007?/?美国?/?冒险 传记 剧情,140436人评价,8.6
血钻,/?Blood Diamond,/?血腥钻石  /  滴血钻石,导演: 爱德华・兹威克 Edward Zwick???主演: 莱昂纳多・迪卡普里奥 Leonardo ...,2006?/?美国 德国?/?剧情 惊悚 冒险,152361人评价,8.5
聚焦,/?Spotlight,/?焦点追击(港)  /  惊爆焦点(台),导演: 托马斯・麦卡锡 Thomas McCarthy???主演: 马克・鲁弗洛 Mark Ruffalo /...,2015?/?美国?/?剧情 传记,145162人评价,8.8
国王的演讲,/?The King's Speech,/?皇上无话儿(港)  /  王者之声：宣战时刻(台),导演: 汤姆・霍珀 Tom Hooper???主演: 柯林・菲尔斯 Colin Firth / 杰弗里・...,2010?/?英国 澳大利亚 美国?/?剧情 传记 历史,376801人评价,8.3
英国病人,/?The English Patient,/?英伦情人(台)  /  别问我是谁(港),导演: 安东尼・明格拉 Anthony Minghella???主演: 拉尔夫・费因斯 Ralph Fien...,1996?/?美国 英国?/?爱情 剧情 战争,188807人评价,8.5
非常嫌疑犯,/?The Usual Suspects,/?刺激惊爆点(台)  /  普通嫌疑犯,导演: 布莱恩・辛格 Bryan Singer???主演: 史蒂芬・鲍德温 Stephen Baldwin /...,1995?/?德国 美国?/?剧情 犯罪 悬疑 惊悚,131894人评价,8.6
迁徙的鸟,/?Le peuple migrateur,/?鸟的迁徙  /  鸟与梦飞行,导演: 雅克・贝汉 Jacques Perrin / 雅克・克鲁奥德 Jacques Cluzaud???主演:...,2001?/?法国 德国 意大利 西班牙 瑞士?/?纪录片,55574人评价,9.1
黑鹰坠落,/?Black Hawk Down,/?黑鹰降落  /  黑鹰计划,导演: 雷德利・斯科特 Ridley Scott???主演: 乔什・哈奈特 Josh Hartnett / ...,2001?/?美国?/?动作 历史 战争,133232人评价,8.6
勇士,/?Warrior,/?勇者无敌(台)  /  钢铁斗士(港),导演: 加文・欧康诺 Gavin O'Connor???主演: 汤姆・哈迪 Tom Hardy / 乔尔・...,2011?/?美国?/?剧情 运动 家庭,95306人评价,8.9
燕尾蝶,/?スワロウテイル,/?Swallowtail Butterfly  /  Suwar?teiru,导演: 岩井俊二 Shunji Iwai???主演: 恰拉 Chara / 伊藤步 Ayumi Ito / 三上...,1996?/?日本?/?犯罪 剧情,114499人评价,8.6
遗愿清单,/?The Bucket List,/?玩转身前事(港)  /  一路玩到挂(台),导演: 罗伯・莱纳 Rob Reiner???主演: 杰克・尼科尔森 Jack Nicholson / 摩根...,2007?/?美国?/?冒险 喜剧 剧情,148623人评价,8.5
我爱你,/???? ?????,/?爱你  /  爱，是一生相伴(台),导演: 秋昌民 Chang-min Choo???主演: 宋在河 Jae-ho Song / 李顺载 Soon-jae...,2011?/?韩国?/?剧情 爱情,66436人评价,9
穆赫兰道,/?Mulholland Dr.,/?穆荷兰大道(台)  /  失忆大道(港),导演: 大卫・林奇 David Lynch???主演: 娜奥米・沃茨 Naomi Watts / 劳拉・哈...,2001?/?法国 美国?/?剧情 悬疑 惊悚,257700人评价,8.3
叫我第一名,/?Front of the Class,/?站在教室前  /  讲台前的我,导演: 彼得・维纳 Peter Werner???主演: 詹姆斯・沃克 James Wolk / 特里特・...,2008?/?美国?/?剧情 传记,118818人评价,8.6
枪火,/?j火,/?The Mission,导演: 杜琪峰 Johnnie To???主演: 吴镇宇 Francis Ng / 任达华 Simon Yam / ...,1999?/?香港?/?剧情 动作 犯罪,111421人评价,8.6
荒岛余生,/?Cast Away,/?浩劫重生(台)  /  劫后重生(港),导演: 罗伯特・泽米吉斯 Robert Zemeckis???主演: 汤姆・汉克斯 Tom Hanks / ...,2000?/?美国?/?冒险 剧情,152747人评价,8.5
2001太空漫游,/?2001: A Space Odyssey,/?2001：星际漫游  /  2001：太空奥德赛,导演: 斯坦利・库布里克 Stanley Kubrick???主演: 凯尔・杜拉 Keir Dullea / ...,1968?/?英国 美国?/?科幻 惊悚 冒险,108422人评价,8.7
上帝也疯狂,/?The Gods Must Be Crazy,/?众神也疯狂 (上)  /  上帝一定发疯了 (上),导演: Jamie Uys???主演: Marius Weyers / Sandra Prinsloo / N!xau,1980?/?博茨瓦纳 南非?/?喜剧,104767人评价,8.7
千钧一发,/?Gattaca,/?变种异煞  /  自然人,导演: 安德鲁・尼科尔 Andrew Niccol???主演: 伊桑・霍克 Ethan Hawke / 乌玛...,1997?/?美国?/?剧情 科幻 惊悚,98463人评价,8.7
大卫・戈尔的一生,/?The Life of David Gale,/?铁案悬谜  /  命悬一线,导演: Alan Parker???主演: 凯文・史派西 Kevin Spacey / 凯特・温丝莱特 Kat...,2003?/?美国 德国 英国?/?剧情 犯罪 悬疑,107698人评价,8.6
蓝色大门,/?{色大T,/?蓝色夏恋  /  Blue Gate Crossing,导演: 易智言 Chih-yen Yee???主演: 陈柏霖 Bo-lin Chen / 桂纶镁 Lunmei Kwa...,2002?/?台湾 法国?/?剧情 爱情 同性,292313人评价,8.3
